x,y,z,mac_address,rssi
5.4,29.59,1.2,00:13:ce:8f:77:43,5.714055370035968e-07,00:13:ce:97:78:79,1.594787058294824e-08,00:13:ce:8f:78:d9,0.0012478254704700207,00:13:ce:95:de:7e,3.4145488738336004e-08,00:13:ce:95:e1:6f,1.5952064662598408e-06,
4.2,29.59,1.2,00:13:ce:95:e1:6f,4.622371692340381e-06,00:13:ce:8f:78:d9,0.0014725008547474038,00:13:ce:8f:77:43,1.8214475363959463e-07,00:13:ce:97:78:79,9.908319448927645e-09,00:13:ce:95:de:7e,3.5330366949927363e-08,
3.0,29.59,1.2,00:13:ce:97:78:79,1.9134546859970386e-08,00:13:ce:95:de:7e,3.831186849557285e-08,00:13:ce:8f:77:43,4.090389886093306e-07,00:13:ce:95:e1:6f,2.6132893585925506e-06,00:13:ce:8f:78:d9,0.0011983161944838319,
1.8,29.59,1.2,00:13:ce:95:e1:6f,4.345384080930512e-06,00:13:ce:95:de:7e,4.5871026782343806e-08,00:13:ce:8f:77:43,5.177075600975323e-07,00:13:ce:97:78:79,5.589441576403367e-09,00:13:ce:8f:78:d9,0.0006804755103723599,
5.4,30.59,1.2,00:13:ce:95:e1:6f,1.8556375437004283e-06,00:13:ce:8f:78:d9,0.0002685019032003969,00:13:ce:8f:77:43,1.1901720747204027e-07,00:13:ce:95:de:7e,4.823178482239299e-08,00:13:ce:97:78:79,3.981071705534969e-09,
4.2,30.59,1.2,00:13:ce:95:e1:6f,3.877998126553716e-06,00:13:ce:8f:78:d9,0.0011708281368909704,00:13:ce:8f:77:43,2.2162259465403562e-07,00:13:ce:95:de:7e,7.453159674382292e-08,00:13:ce:97:78:79,2.5507427837113565e-08,
3.0,30.59,1.2,00:13:ce:97:78:79,1.3887464149527508e-08,00:13:ce:8f:77:43,3.3152235631400275e-07,00:13:ce:8f:78:d9,0.0009288566997096956,00:13:ce:95:e1:6f,3.885739518570976e-06,00:13:ce:95:de:7e,7.717915155850127e-08,
1.8,30.59,1.2,00:13:ce:95:e1:6f,4.3497223736375445e-06,00:13:ce:8f:78:d9,0.0005884329312027767,00:13:ce:97:78:79,1.033441063880556e-08,00:13:ce:8f:77:43,3.7805154774710723e-07,00:13:ce:95:de:7e,6.635520572797903e-08,
5.4,31.59,1.2,00:13:ce:95:e1:6f,1.7592733881234481e-06,00:13:ce:8f:77:43,2.701883795615344e-07,00:13:ce:8f:78:d9,0.0005164680715397711,00:13:ce:95:de:7e,4.78630092322638e-08,00:13:ce:97:78:79,1.9386526359522057e-08,
4.2,31.59,1.2,00:13:ce:8f:78:d9,0.0002441581540832853,00:13:ce:95:e1:6f,1.2753629690223989e-06,00:13:ce:8f:77:43,2.8079353009422533e-07,00:13:ce:97:78:79,1.5848931924611143e-08,00:13:ce:95:de:7e,2.511886431509582e-08,
3.0,31.59,1.2,00:13:ce:8f:77:43,2.1544346900318822e-07,00:13:ce:8f:78:d9,0.0002667392689200101,00:13:ce:95:e1:6f,1.4509212307764517e-06,
1.8,31.59,1.2,00:13:ce:8f:78:d9,0.00022002182031514395,00:13:ce:8f:77:43,1.604217161115324e-07,00:13:ce:95:e1:6f,1.7997984795675195e-06,
5.4,26.04,1.2,00:13:ce:8f:78:d9,0.00045053791333602816,00:13:ce:8f:77:43,4.466835921509635e-07,00:13:ce:95:e1:6f,3.3004368585223333e-06,00:13:ce:95:de:7e,9.031694328551313e-08,00:13:ce:97:78:79,8.390918904748428e-09,
4.2,26.04,1.2,00:13:ce:95:de:7e,1.477024690158485e-07,00:13:ce:8f:77:43,4.0397008560058763e-07,00:13:ce:97:78:79,1.1595399451074377e-08,00:13:ce:8f:78:d9,0.00022160942928444387,00:13:ce:95:e1:6f,6.186265734481136e-06,
3.0,26.04,1.2,00:13:ce:95:e1:6f,5.766834659982397e-06,00:13:ce:8f:78:d9,7.997259278474185e-05,00:13:ce:8f:77:43,5.581799000169855e-07,00:13:ce:95:de:7e,6.130557921498202e-08,00:13:ce:97:78:79,6.233570019315545e-09,
1.8,26.04,1.2,00:13:ce:95:e1:6f,4.743723891589776e-06,00:13:ce:8f:77:43,4.832930238571752e-07,00:13:ce:8f:78:d9,0.0001635681079745612,00:13:ce:95:de:7e,7.167325742657653e-08,00:13:ce:97:78:79,1.1659144011798335e-08,
5.4,27.04,1.2,00:13:ce:95:de:7e,3.0078825180430956e-08,00:13:ce:8f:77:43,8.637014254641422e-08,00:13:ce:8f:78:d9,0.00014513250987715056,00:13:ce:95:e1:6f,3.086552612384859e-06,00:13:ce:97:78:79,1.1917645866343661e-08,
4.2,27.04,1.2,00:13:ce:95:e1:6f,3.801893963205613e-06,00:13:ce:8f:77:43,2.3934935311748036e-07,00:13:ce:8f:78:d9,0.00022609227001714802,00:13:ce:95:de:7e,8.964836490511864e-08,00:13:ce:97:78:79,2.1923459724834466e-08,
3.0,27.04,1.2,00:13:ce:97:78:79,8.813761418402777e-09,00:13:ce:95:e1:6f,9.311380725083871e-06,00:13:ce:8f:78:d9,0.00025864162052759686,00:13:ce:8f:77:43,6.331964357152497e-07,00:13:ce:95:de:7e,1e-07,
1.8,27.04,1.2,00:13:ce:95:e1:6f,9.737815424766016e-06,00:13:ce:95:de:7e,9.676410537094536e-08,00:13:ce:8f:78:d9,0.0002063981890056562,00:13:ce:8f:77:43,3.8786379754175713e-07,00:13:ce:97:78:79,9.792849742266013e-09,
5.4,28.04,1.2,00:13:ce:95:de:7e,1.4125375446227555e-07,00:13:ce:97:78:79,1.0615144878732701e-08,00:13:ce:95:e1:6f,6.90339144480886e-06,00:13:ce:8f:78:d9,0.0013494560047373242,00:13:ce:8f:77:43,2.3101297000831628e-07,
4.2,28.04,1.2,00:13:ce:8f:77:43,2.4598526393410107e-07,00:13:ce:95:e1:6f,3.674661940736688e-06,00:13:ce:8f:78:d9,0.00016023666770738183,00:13:ce:95:de:7e,1.7782794100389228e-08,
3.0,28.04,1.2,00:13:ce:8f:78:d9,0.00021793818679810467,00:13:ce:95:e1:6f,5.355350237834965e-06,00:13:ce:8f:77:43,7.134003750712564e-07,00:13:ce:95:de:7e,6.520572293428611e-08,00:13:ce:97:78:79,6.309573444801943e-09,
1.8,28.04,1.2,00:13:ce:95:de:7e,8.945670616650848e-08,00:13:ce:8f:77:43,4.0762086875748845e-07,00:13:ce:95:e1:6f,2.998631348575567e-06,00:13:ce:8f:78:d9,0.00011191515199915049,00:13:ce:97:78:79,5.248074602497734e-09,
5.4,22.43,1.2,00:13:ce:97:78:79,1.883649089489802e-07,00:13:ce:95:de:7e,1.8001933328915482e-07,00:13:ce:8f:78:d9,6.431811877215092e-05,00:13:ce:95:e1:6f,8.894525960202213e-06,00:13:ce:8f:77:43,6.941661220595722e-07,
4.2,22.43,1.2,00:13:ce:8f:78:d9,9.70726250869326e-05,00:13:ce:8f:77:43,8.55066712884684e-07,00:13:ce:97:78:79,4.01454530732306e-08,00:13:ce:95:e1:6f,5.424690937011326e-06,00:13:ce:95:de:7e,8.825975384331363e-08,
3.0,22.43,1.2,00:13:ce:97:78:79,2.8957742763472794e-08,00:13:ce:8f:77:43,6.520572293428625e-07,00:13:ce:95:e1:6f,3.3672295752114223e-06,00:13:ce:8f:78:d9,7.183531957718804e-05,00:13:ce:95:de:7e,1.0471285480509007e-07,
1.8,22.43,1.2,00:13:ce:97:78:79,1.2302687708123836e-08,00:13:ce:95:e1:6f,4.257100706775292e-06,00:13:ce:8f:77:43,2.4765446015054964e-06,00:13:ce:8f:78:d9,5.8493184121053755e-05,00:13:ce:95:de:7e,1.6446421958722085e-07,
5.4,23.43,1.2,00:13:ce:8f:78:d9,0.0001529350545230162,00:13:ce:95:e1:6f,2.4746084610348208e-06,00:13:ce:8f:77:43,9.915081680951906e-07,00:13:ce:95:de:7e,1.4752052830345633e-07,
4.2,23.43,1.2,00:13:ce:95:e1:6f,3.965565108718411e-06,00:13:ce:8f:78:d9,7.877050619904495e-05,00:13:ce:8f:77:43,6.857569420818954e-07,00:13:ce:95:de:7e,1.619046265603076e-07,00:13:ce:97:78:79,1.2397477630289453e-08,
3.0,23.43,1.2,00:13:ce:95:e1:6f,6.365699799548726e-06,00:13:ce:95:de:7e,2.1904862961367905e-07,00:13:ce:8f:78:d9,9.86740374359416e-05,00:13:ce:8f:77:43,8.002502278161052e-07,00:13:ce:97:78:79,3.7583740428844434e-08,
1.8,23.43,1.2,00:13:ce:95:e1:6f,2.9502784953278576e-06,00:13:ce:8f:78:d9,4.854126736088043e-05,00:13:ce:8f:77:43,7.375587339632404e-07,00:13:ce:95:de:7e,1.6311729092278396e-07,00:13:ce:97:78:79,1.2011350404548703e-08,
5.4,24.43,1.2,00:13:ce:97:78:79,1.0370255908667647e-08,00:13:ce:95:e1:6f,1.2686251981032602e-06,00:13:ce:8f:78:d9,0.00023690611518965198,00:13:ce:8f:77:43,7.845901600976101e-07,00:13:ce:95:de:7e,1.6237767391887244e-07,
4.2,24.43,1.2,00:13:ce:97:78:79,7.686246100397746e-09,00:13:ce:8f:77:43,3.792690190732246e-07,00:13:ce:95:e1:6f,1.947835329853227e-06,00:13:ce:95:de:7e,1.4273992181725847e-07,00:13:ce:8f:78:d9,6.3342458455344e-05,
3.0,24.43,1.2,00:13:ce:95:e1:6f,4.12961049491507e-06,00:13:ce:8f:77:43,6.473082037010408e-07,00:13:ce:95:de:7e,1.675474918923339e-07,00:13:ce:8f:78:d9,0.00010154689924330807,00:13:ce:97:78:79,1.7012542798525893e-08,
1.8,24.43,1.2,00:13:ce:95:e1:6f,3.3186980636392278e-06,00:13:ce:8f:77:43,1.0044378665480426e-06,00:13:ce:95:de:7e,1.1114799665889859e-07,00:13:ce:8f:78:d9,6.984215755250435e-05,00:13:ce:97:78:79,1.0560493425554484e-08,
5.4,19.5,1.2,00:13:ce:8f:78:d9,1.9848480854669695e-05,00:13:ce:95:e1:6f,4.1401995764592244e-07,00:13:ce:95:de:7e,3.772208980679597e-07,00:13:ce:8f:77:43,2.6416483203860923e-08,00:13:ce:97:78:79,3.0599496872071963e-08,
4.2,19.5,1.2,00:13:ce:8f:78:d9,1.5422610648237653e-05,00:13:ce:95:e1:6f,1.1129582503353905e-06,00:13:ce:8f:77:43,5.661625992822727e-08,00:13:ce:95:de:7e,2.954553124756535e-07,00:13:ce:97:78:79,7.373047958716819e-08,
3.0,19.5,1.2,00:13:ce:8f:78:d9,2.6963063267837037e-05,00:13:ce:8f:77:43,7.051408292993661e-08,00:13:ce:95:de:7e,5.578940429349469e-07,00:13:ce:95:e1:6f,9.611972065972876e-07,00:13:ce:97:78:79,2.4532600674941006e-08,
1.8,19.5,1.2,00:13:ce:8f:77:43,1.0253439310915315e-07,00:13:ce:8f:78:d9,2.5829810031980768e-05,00:13:ce:95:de:7e,7.778737048694303e-07,00:13:ce:95:e1:6f,2.162323334168255e-06,00:13:ce:97:78:79,2.0339175013722887e-08,
5.4,20.5,1.2,00:13:ce:8f:77:43,2.4003893439847494e-08,00:13:ce:97:78:79,1.8358186910542767e-08,00:13:ce:8f:78:d9,3.769778120311598e-05,00:13:ce:95:e1:6f,1.9778918076915594e-06,00:13:ce:95:de:7e,8.2161179752041e-07,
4.2,20.5,1.2,00:13:ce:95:e1:6f,1.173395570493071e-06,00:13:ce:8f:78:d9,2.8079353009422532e-05,00:13:ce:8f:77:43,3.273406948788386e-08,00:13:ce:95:de:7e,5.220858652910756e-07,00:13:ce:97:78:79,3.7307390398779654e-08,
3.0,20.5,1.2,00:13:ce:95:de:7e,5.52869905873151e-07,00:13:ce:97:78:79,8.2994176307477e-08,00:13:ce:8f:77:43,8.973072494285637e-08,00:13:ce:8f:78:d9,1.4677992676220675e-05,00:13:ce:95:e1:6f,1.2975220713460693e-06,
1.8,20.5,1.2,00:13:ce:95:de:7e,3.636266774473201e-07,00:13:ce:95:e1:6f,1.917196672989185e-06,00:13:ce:97:78:79,6.461670787466963e-08,00:13:ce:8f:77:43,8.73326162382842e-08,00:13:ce:8f:78:d9,2.611568420766743e-05,
5.4,21.5,1.2,00:13:ce:8f:77:43,3.162277660168379e-08,00:13:ce:95:e1:6f,2.255970068843577e-06,00:13:ce:95:de:7e,4.594330379610212e-07,00:13:ce:8f:78:d9,2.680778116002003e-05,00:13:ce:97:78:79,2.747191214125599e-07,
4.2,21.5,1.2,00:13:ce:97:78:79,7.542233958475715e-08,00:13:ce:8f:78:d9,1.552062089131198e-05,00:13:ce:95:e1:6f,8.519905595487013e-07,00:13:ce:8f:77:43,8.912509381337459e-08,00:13:ce:95:de:7e,3.8847377165022284e-07,
3.0,21.5,1.2,00:13:ce:95:e1:6f,1.0477804002076239e-06,00:13:ce:8f:77:43,7.943282347242822e-08,00:13:ce:95:de:7e,5.974695679970707e-07,00:13:ce:8f:78:d9,1.658429329495817e-05,00:13:ce:97:78:79,3.7368012538211555e-08,
1.8,21.5,1.2,00:13:ce:8f:77:43,7.512879991638722e-08,00:13:ce:95:de:7e,4.7120976917378067e-07,00:13:ce:95:e1:6f,4.1344515831032815e-06,00:13:ce:8f:78:d9,4.343889687584824e-05,00:13:ce:97:78:79,1.7113283041617776e-08,
5.4,15.21,1.2,00:13:ce:8f:78:d9,6.158482110660255e-06,00:13:ce:95:e1:6f,2.2797894356435673e-07,00:13:ce:8f:77:43,7.237946766024347e-08,00:13:ce:95:de:7e,2.8400980479142136e-06,00:13:ce:97:78:79,7.179555564510077e-08,
4.2,15.21,1.2,00:13:ce:95:de:7e,1.517170825260778e-06,00:13:ce:8f:78:d9,2.8227126312643907e-05,00:13:ce:97:78:79,3.55615262630015e-08,00:13:ce:8f:77:43,1.3593563908785243e-07,00:13:ce:95:e1:6f,2.4217370391754663e-07,
3.0,15.21,1.2,00:13:ce:8f:77:43,5.5002776812652476e-08,00:13:ce:95:de:7e,1.2981752750498488e-06,00:13:ce:95:e1:6f,4.567190459650398e-07,00:13:ce:8f:78:d9,3.377313908791009e-05,00:13:ce:97:78:79,1.2409377607517196e-08,
1.8,15.21,1.2,00:13:ce:8f:78:d9,2.1573895533271703e-05,00:13:ce:95:e1:6f,6.230823576595689e-07,00:13:ce:8f:77:43,1.815895737033374e-07,00:13:ce:95:de:7e,1.1822988651687062e-06,00:13:ce:97:78:79,3.0151598738257355e-08,
5.4,16.21,1.2,00:13:ce:8f:78:d9,9.963517740331804e-06,00:13:ce:95:de:7e,6.458424430196978e-06,00:13:ce:8f:77:43,6.65054356753705e-08,00:13:ce:97:78:79,6.181745354053468e-08,00:13:ce:95:e1:6f,5.177075600975323e-07,
4.2,16.21,1.2,00:13:ce:97:78:79,5.477677900870866e-08,00:13:ce:95:e1:6f,3.438457306945523e-07,00:13:ce:8f:78:d9,2.2938413657709855e-05,00:13:ce:8f:77:43,1.8416936525932487e-07,00:13:ce:95:de:7e,1.538000659665393e-06,
3.0,16.21,1.2,00:13:ce:95:de:7e,2.7520427278468976e-06,00:13:ce:8f:78:d9,3.697065482356145e-05,00:13:ce:95:e1:6f,2.0054979492418322e-07,00:13:ce:8f:77:43,1.9794827620697072e-07,00:13:ce:97:78:79,3.8766941461258055e-08,
1.8,16.21,1.2,00:13:ce:95:e1:6f,5.670523941381169e-07,00:13:ce:95:de:7e,1.7959147372752673e-06,00:13:ce:8f:78:d9,2.4250585146051967e-05,00:13:ce:8f:77:43,1.0867036133370032e-07,00:13:ce:97:78:79,2.7572502862167955e-08,
5.4,17.21,1.2,00:13:ce:8f:78:d9,2.1909123325868425e-05,00:13:ce:95:e1:6f,2.8240812863426286e-07,00:13:ce:95:de:7e,4.2239063986973385e-06,00:13:ce:97:78:79,1.075049772024521e-08,00:13:ce:8f:77:43,3.8496094048102954e-08,
4.2,17.21,1.2,00:13:ce:95:de:7e,7.348123901005672e-06,00:13:ce:8f:77:43,5.741381339607361e-08,00:13:ce:97:78:79,4.4668359215096346e-08,00:13:ce:8f:78:d9,3.812852456636187e-05,00:13:ce:95:e1:6f,4.624655268702696e-07,
3.0,17.21,1.2,00:13:ce:95:e1:6f,8.799225435691074e-07,00:13:ce:8f:77:43,1.0748386717658246e-07,00:13:ce:97:78:79,1.8920084727723037e-08,00:13:ce:95:de:7e,2.048465110448066e-06,00:13:ce:8f:78:d9,3.3895105210698836e-05,
1.8,17.21,1.2,00:13:ce:8f:77:43,1.0157332306214019e-07,00:13:ce:8f:78:d9,7.836418966217511e-06,00:13:ce:95:de:7e,6.93707628904096e-07,00:13:ce:95:e1:6f,3.139246341721319e-07,00:13:ce:97:78:79,2.898425635133211e-08,
5.4,11.67,1.2,00:13:ce:97:78:79,1.7378008287493763e-08,00:13:ce:95:e1:6f,9.427978959857022e-08,00:13:ce:8f:77:43,1.5735299009709913e-07,00:13:ce:8f:78:d9,1.4975613237572623e-06,00:13:ce:95:de:7e,5.7432130820934e-06,
4.2,11.67,1.2,00:13:ce:8f:77:43,2.965466506523426e-07,00:13:ce:8f:78:d9,2.3855372745544307e-06,00:13:ce:95:de:7e,3.017936828858445e-06,00:13:ce:95:e1:6f,1.1378828739088332e-07,
3.0,11.67,1.2,00:13:ce:8f:78:d9,1.1273396825755218e-06,00:13:ce:95:de:7e,1.5802214357508708e-06,00:13:ce:8f:77:43,8.040131611167858e-07,00:13:ce:95:e1:6f,7.476256801637695e-08,
1.8,11.67,1.2,00:13:ce:95:de:7e,1.75450998502738e-06,00:13:ce:8f:77:43,3.7398754830049365e-07,00:13:ce:8f:78:d9,2.8038914352090527e-06,00:13:ce:95:e1:6f,1.0457899030039293e-07,
5.4,12.67,1.2,00:13:ce:95:e1:6f,1.461881872055462e-07,00:13:ce:8f:78:d9,3.3295693091189635e-06,00:13:ce:95:de:7e,4.040268768630385e-06,00:13:ce:8f:77:43,2.1627185237270158e-07,00:13:ce:97:78:79,3.548133892335753e-08,
4.2,12.67,1.2,00:13:ce:8f:78:d9,2.1024577284418947e-06,00:13:ce:95:e1:6f,6.077443502684725e-08,00:13:ce:8f:77:43,4.6877856141572384e-07,00:13:ce:95:de:7e,3.7583740428844434e-06,
3.0,12.67,1.2,00:13:ce:8f:77:43,8.884052393196078e-07,00:13:ce:8f:78:d9,1.6290720723467602e-06,00:13:ce:95:de:7e,1.950477052040764e-06,00:13:ce:97:78:79,3.0387313589881464e-08,00:13:ce:95:e1:6f,3.162277660168379e-08,
1.8,12.67,1.2,00:13:ce:8f:78:d9,1.3261133439968753e-06,00:13:ce:95:de:7e,1.3517063466663638e-06,00:13:ce:8f:77:43,5.027705873230932e-07,00:13:ce:95:e1:6f,7.717915155850127e-08,
5.4,13.67,1.2,00:13:ce:8f:77:43,1.8876693572430482e-07,00:13:ce:8f:78:d9,1.5655490055903122e-06,00:13:ce:95:e1:6f,1.395522497098758e-07,00:13:ce:95:de:7e,4.115984060114906e-06,00:13:ce:97:78:79,1.0531736871297139e-07,
4.2,13.67,1.2,00:13:ce:95:de:7e,2.9432772178462754e-06,00:13:ce:8f:78:d9,1.8559720367285217e-06,00:13:ce:95:e1:6f,9.120108393559078e-08,00:13:ce:8f:77:43,2.3101297000831628e-07,00:13:ce:97:78:79,1.9054607179632442e-08,
3.0,13.67,1.2,00:13:ce:8f:77:43,7.25314426711996e-07,00:13:ce:8f:78:d9,1.52145133115493e-06,00:13:ce:95:de:7e,2.8663771515981747e-06,00:13:ce:95:e1:6f,5.108969774506924e-08,
1.8,13.67,1.2,00:13:ce:8f:77:43,2.4420530945486497e-07,00:13:ce:8f:78:d9,2.8623083526686045e-06,00:13:ce:95:de:7e,3.030951223220623e-06,00:13:ce:95:e1:6f,7.644222742525994e-08,
5.4,7.33,1.2,00:13:ce:95:de:7e,1.8302061063110567e-06,00:13:ce:8f:77:43,2.0611166144016715e-06,00:13:ce:8f:78:d9,2.9577927626011015e-07,00:13:ce:95:e1:6f,3.117094723580129e-08,
4.2,7.33,1.2,00:13:ce:95:de:7e,2.5348214201980465e-06,00:13:ce:8f:78:d9,1.1261932064842164e-06,00:13:ce:8f:77:43,1.470728361853253e-06,00:13:ce:95:e1:6f,7.079457843841373e-08,
3.0,7.33,1.2,00:13:ce:8f:78:d9,1.7957144943716409e-06,00:13:ce:8f:77:43,1.8682223847710366e-06,00:13:ce:95:de:7e,1.5297321160913597e-06,00:13:ce:95:e1:6f,1.188502227437019e-07,
1.8,7.33,1.2,00:13:ce:8f:77:43,1.102014984965601e-06,00:13:ce:8f:78:d9,1.0178699841461257e-06,00:13:ce:95:de:7e,9.732743861581505e-07,
5.4,8.33,1.2,00:13:ce:95:de:7e,3.162277660168379e-06,00:13:ce:8f:77:43,1.169361303179801e-06,00:13:ce:8f:78:d9,6.345108084387242e-07,00:13:ce:95:e1:6f,3.162277660168379e-08,
4.2,8.33,1.2,00:13:ce:95:e1:6f,6.337574489725047e-08,00:13:ce:95:de:7e,3.357587947583085e-06,00:13:ce:8f:78:d9,1.478641917503401e-06,00:13:ce:8f:77:43,2.31458793082737e-06,00:13:ce:97:78:79,1.3081774742601956e-08,
3.0,8.33,1.2,00:13:ce:8f:77:43,2.2485302477703907e-06,00:13:ce:8f:78:d9,2.1095680940265064e-06,00:13:ce:95:de:7e,3.951611071449842e-06,00:13:ce:95:e1:6f,3.981071705534969e-08,
1.8,8.33,1.2,00:13:ce:95:de:7e,1.2987139740036567e-06,00:13:ce:8f:78:d9,7.10419954455419e-07,00:13:ce:8f:77:43,1.179292731015584e-06,00:13:ce:95:e1:6f,3.1971418455272966e-08,
5.4,9.33,1.2,00:13:ce:95:e1:6f,1.9952623149688786e-08,00:13:ce:8f:78:d9,8.511380382023759e-07,00:13:ce:8f:77:43,6.483986549412569e-07,00:13:ce:95:de:7e,2.8909392200917672e-06,
4.2,9.33,1.2,00:13:ce:8f:78:d9,5.356595953365558e-07,00:13:ce:8f:77:43,5.155617649394178e-07,00:13:ce:95:de:7e,2.2479451710744146e-06,
3.0,9.33,1.2,00:13:ce:8f:78:d9,1.199149247999928e-06,00:13:ce:8f:77:43,2.9114046016881036e-06,00:13:ce:95:de:7e,1.3231882072236461e-06,00:13:ce:95:e1:6f,7.607640819262695e-08,
1.8,9.33,1.2,00:13:ce:8f:78:d9,3.854783576657721e-07,00:13:ce:8f:77:43,8.872621353826402e-07,00:13:ce:95:de:7e,1.6229088092853765e-06,00:13:ce:95:e1:6f,3.686945064519581e-08,
5.4,4.44,1.2,00:13:ce:8f:78:d9,2.3028420492099883e-07,00:13:ce:8f:77:43,4.30294934734708e-05,00:13:ce:95:e1:6f,6.812920690579608e-08,00:13:ce:95:de:7e,6.00998294311308e-07,00:13:ce:97:78:79,6.812920690579594e-09,
4.2,4.44,1.2,00:13:ce:8f:77:43,1.1841799990494655e-05,00:13:ce:95:de:7e,7.20932720222353e-07,00:13:ce:8f:78:d9,1.7782794100389227e-07,
3.0,4.44,1.2,00:13:ce:8f:77:43,9.4692545102124e-06,00:13:ce:8f:78:d9,1.0912670306061631e-06,00:13:ce:95:de:7e,1.0113885503272287e-06,
1.8,4.44,1.2,00:13:ce:8f:77:43,7.3931781076793315e-06,00:13:ce:95:de:7e,6.493816315762114e-07,00:13:ce:8f:78:d9,5.248074602497734e-07,
5.4,5.44,1.2,00:13:ce:8f:77:43,4.466835921509635e-06,00:13:ce:8f:78:d9,3.7018690558462135e-07,00:13:ce:95:de:7e,6.734933832324763e-07,
4.2,5.44,1.2,00:13:ce:8f:77:43,1.6760451524268407e-06,00:13:ce:8f:78:d9,2.3456881305224052e-07,00:13:ce:95:de:7e,4.474295236923954e-07,00:13:ce:95:e1:6f,3.981071705534969e-08,
3.0,5.44,1.2,00:13:ce:8f:78:d9,6.481367792287416e-07,00:13:ce:8f:77:43,2.6454526947240514e-06,00:13:ce:95:de:7e,4.6906483593970715e-07,00:13:ce:95:e1:6f,2.511886431509582e-08,
1.8,5.44,1.2,00:13:ce:95:de:7e,4.992350687489913e-07,00:13:ce:8f:78:d9,6.579332246575682e-07,00:13:ce:8f:77:43,3.25461783498046e-06,00:13:ce:95:e1:6f,3.7583740428844434e-08,
5.4,6.44,1.2,00:13:ce:8f:77:43,7.120327999992026e-06,00:13:ce:95:de:7e,1.0151301788578445e-06,00:13:ce:8f:78:d9,3.930469625760608e-07,
4.2,6.44,1.2,00:13:ce:95:de:7e,8.576958985908945e-07,00:13:ce:8f:77:43,4.320423461477833e-06,00:13:ce:8f:78:d9,2.937649651961537e-07,
3.0,6.44,1.2,00:13:ce:8f:78:d9,9.732743861581505e-07,00:13:ce:8f:77:43,2.2908676527677747e-06,00:13:ce:95:de:7e,4.043706824798489e-07,00:13:ce:95:e1:6f,5.011872336272725e-08,
1.8,6.44,1.2,00:13:ce:8f:77:43,4.527350892858468e-06,00:13:ce:8f:78:d9,6.261331052795528e-07,00:13:ce:95:de:7e,8.799225435691074e-07,00:13:ce:95:e1:6f,3.032621305919525e-08,
6.0,1.0,1.2,00:13:ce:8f:77:43,1.359356390878527e-06,00:13:ce:95:e1:6f,9.225714271547628e-09,00:13:ce:8f:78:d9,1.0493738379559296e-07,00:13:ce:95:de:7e,1.0304892800279594e-07,00:13:ce:97:78:79,6.025595860743569e-09,
6.0,2.0,1.2,00:13:ce:8f:78:d9,7.998900656338791e-08,00:13:ce:8f:77:43,9.406704469359426e-07,00:13:ce:95:de:7e,1.4125375446227555e-07,
6.0,3.0,1.2,00:13:ce:8f:77:43,1.284764504524369e-06,00:13:ce:95:de:7e,6.745781314354954e-08,00:13:ce:8f:78:d9,1.0680004325145777e-07,
7.0,1.0,1.2,00:13:ce:95:de:7e,3.3496543915782795e-08,00:13:ce:8f:78:d9,1.3375677515263349e-07,00:13:ce:8f:77:43,1.1466220517947024e-06,00:13:ce:95:e1:6f,3.162277660168379e-08,
7.0,2.0,1.2,00:13:ce:8f:78:d9,2.4506749652373575e-07,00:13:ce:8f:77:43,9.064689682079999e-07,00:13:ce:95:de:7e,3.8805107322101795e-08,
7.0,3.0,1.2,00:13:ce:8f:78:d9,1.9218563819475374e-07,00:13:ce:8f:77:43,3.831186849557285e-07,00:13:ce:95:de:7e,5.011872336272725e-08,
7.5,4.0,1.2,00:13:ce:8f:78:d9,1.7323528848992866e-07,00:13:ce:8f:77:43,5.808480022537177e-07,00:13:ce:95:de:7e,3.613222756796255e-08,
7.5,5.0,1.2,00:13:ce:8f:77:43,1.685623445865441e-06,00:13:ce:8f:78:d9,1.3724609610075625e-07,00:13:ce:95:de:7e,1.20346865302669e-07,
7.5,6.0,1.2,00:13:ce:8f:77:43,5.326851480166387e-06,00:13:ce:95:de:7e,9.338352646431984e-08,00:13:ce:97:78:79,3.782489906389382e-08,00:13:ce:8f:78:d9,1.4017374183467694e-07,
7.5,7.0,1.2,00:13:ce:8f:78:d9,3.0045385302046873e-07,00:13:ce:8f:77:43,3.143421341670125e-06,00:13:ce:95:de:7e,2.2675431258708043e-07,00:13:ce:97:78:79,1.8478497974222946e-08,
7.5,8.0,1.2,00:13:ce:95:de:7e,2.533399635360766e-07,00:13:ce:97:78:79,8.013941241504921e-08,00:13:ce:8f:78:d9,4.527036056005462e-07,00:13:ce:8f:77:43,1.2730302092807208e-06,00:13:ce:95:e1:6f,3.4145488738336004e-08,
7.5,9.0,1.2,00:13:ce:8f:78:d9,3.294139111547008e-07,00:13:ce:8f:77:43,8.495064226263312e-07,00:13:ce:95:de:7e,1.2159218433235365e-07,00:13:ce:97:78:79,5.6958108107376865e-08,
7.5,10.0,1.2,00:13:ce:97:78:79,2.2683720409922388e-07,00:13:ce:8f:77:43,1.2087957966963426e-06,00:13:ce:95:de:7e,3.877675195310194e-07,00:13:ce:95:e1:6f,2.1627185237270156e-08,00:13:ce:8f:78:d9,6.276640759500176e-07,
7.5,11.0,1.2,00:13:ce:8f:78:d9,1e-06,00:13:ce:95:e1:6f,3.981071705534969e-08,00:13:ce:8f:77:43,1.3607120593951779e-06,00:13:ce:95:de:7e,3.63078054770101e-07,00:13:ce:97:78:79,4.743723891589776e-07,
8.0,12.0,1.2,00:13:ce:97:78:79,4.070778005550999e-07,00:13:ce:8f:78:d9,1.1659144011798312e-06,00:13:ce:95:e1:6f,3.067906398943855e-08,00:13:ce:95:de:7e,2.215412212581185e-07,00:13:ce:8f:77:43,5.569719620231798e-07,
8.0,13.0,1.2,00:13:ce:8f:77:43,5.336699231206313e-07,00:13:ce:95:de:7e,4.3124316246619955e-07,00:13:ce:95:e1:6f,9.274867035969036e-08,00:13:ce:97:78:79,2.833170605386898e-07,00:13:ce:8f:78:d9,7.498942093324558e-07,
8.0,14.0,1.2,00:13:ce:97:78:79,2.677270839210619e-07,00:13:ce:95:e1:6f,3.877675195310194e-08,00:13:ce:95:de:7e,3.2139732183655327e-07,00:13:ce:8f:78:d9,5.749305477684458e-07,00:13:ce:8f:77:43,2.8705889879380185e-07,
8.0,15.0,1.2,00:13:ce:8f:78:d9,1.324520924347706e-06,00:13:ce:97:78:79,1.8197008586099824e-07,00:13:ce:95:de:7e,1.961269675338821e-07,00:13:ce:95:e1:6f,4.842909829704266e-08,00:13:ce:8f:77:43,2.911136034074685e-07,
8.0,16.0,1.2,00:13:ce:97:78:79,5.147474488720569e-07,00:13:ce:95:de:7e,2.899106375098606e-07,00:13:ce:8f:77:43,2.715632313551494e-07,00:13:ce:8f:78:d9,1.3902837552217042e-06,00:13:ce:95:e1:6f,6.30957344480193e-08,
8.0,17.0,1.2,00:13:ce:8f:78:d9,1.5469407652461985e-06,00:13:ce:97:78:79,9.879542688342923e-08,00:13:ce:95:e1:6f,1.759764472006225e-08,00:13:ce:8f:77:43,2.7724079967417756e-07,00:13:ce:95:de:7e,1.9386526359522058e-07,
9.0,12.0,1.2,00:13:ce:95:e1:6f,6.30957344480193e-08,00:13:ce:95:de:7e,1.940344249557912e-07,00:13:ce:97:78:79,7.52597029799479e-07,00:13:ce:8f:78:d9,3.069705937263075e-06,00:13:ce:8f:77:43,1.9306977288832537e-07,
9.0,13.0,1.2,00:13:ce:95:de:7e,4.7315125896148026e-07,00:13:ce:97:78:79,4.7120976917378067e-07,00:13:ce:8f:77:43,2.2745555706101888e-07,00:13:ce:8f:78:d9,1.5441135899948298e-06,00:13:ce:95:e1:6f,5.348169072244048e-08,
9.0,14.0,1.2,00:13:ce:97:78:79,3.868120546330525e-07,00:13:ce:95:e1:6f,6.757518355386216e-08,00:13:ce:8f:78:d9,1.345203159839926e-06,00:13:ce:8f:77:43,3.3863335214446294e-07,00:13:ce:95:de:7e,2.996861459862124e-07,
9.0,15.0,1.2,00:13:ce:97:78:79,6.640827850634838e-07,00:13:ce:95:e1:6f,7.666822074546206e-08,00:13:ce:95:de:7e,2.1662784814858986e-07,00:13:ce:8f:78:d9,1.181581732618102e-06,00:13:ce:8f:77:43,1.36247442287647e-07,
9.0,16.0,1.2,00:13:ce:97:78:79,8.254041852680173e-07,00:13:ce:95:e1:6f,5.356595953365558e-08,00:13:ce:95:de:7e,2.2772326787994764e-07,00:13:ce:8f:77:43,1.6090049384004975e-07,00:13:ce:8f:78:d9,7.592628606219693e-07,
9.0,17.0,1.2,00:13:ce:97:78:79,1.1481536214968817e-07,00:13:ce:95:e1:6f,1.384775305882075e-07,00:13:ce:8f:78:d9,1.0901844923851268e-05,00:13:ce:95:de:7e,2.222670062708047e-07,00:13:ce:8f:77:43,2.23136917140314e-07,
9.0,18.0,1.2,00:13:ce:95:e1:6f,2.0209499381910767e-08,00:13:ce:8f:78:d9,1.757923613958693e-06,00:13:ce:95:de:7e,8.075006064040199e-07,00:13:ce:8f:77:43,8.035261221856161e-07,00:13:ce:97:78:79,1.4211227076380076e-07,
9.0,19.0,1.2,00:13:ce:8f:78:d9,7.227271320676189e-07,00:13:ce:8f:77:43,1.9952623149688786e-08,00:13:ce:95:de:7e,1.293494855817157e-07,00:13:ce:97:78:79,7.262917501736221e-08,00:13:ce:95:e1:6f,2.7384196342643613e-08,
7.5,20.0,1.2,00:13:ce:8f:77:43,4.298662347082272e-08,00:13:ce:8f:78:d9,6.373995678720466e-06,00:13:ce:95:e1:6f,2.823379329065471e-07,00:13:ce:95:de:7e,8.249703807262382e-07,00:13:ce:97:78:79,7.021478517259122e-08,
7.0,21.0,1.2,00:13:ce:95:e1:6f,5.36081437182297e-07,00:13:ce:95:de:7e,7.123652119149971e-07,00:13:ce:97:78:79,2.774481403275884e-07,00:13:ce:8f:78:d9,6.577074888405101e-06,00:13:ce:8f:77:43,3.592172161468126e-08,
7.5,22.0,1.2,00:13:ce:97:78:79,4.2854852039743923e-07,00:13:ce:95:e1:6f,9.295097898806493e-07,00:13:ce:8f:78:d9,9.712341482982632e-06,00:13:ce:95:de:7e,3.99519941613218e-07,00:13:ce:8f:77:43,3.704674022107154e-08,
8.0,23.0,1.2,00:13:ce:97:78:79,5.992198711813635e-08,00:13:ce:8f:78:d9,1.3296239018443417e-05,00:13:ce:95:e1:6f,6.885429477500516e-07,00:13:ce:95:de:7e,3.888933424907363e-07,00:13:ce:8f:77:43,1.30016957803329e-08,
8.0,24.0,1.2,00:13:ce:8f:78:d9,3.0381463870789957e-05,00:13:ce:97:78:79,1.0204034770855628e-07,00:13:ce:95:e1:6f,2.8383191311359074e-07,00:13:ce:95:de:7e,4.0679443210830474e-07,00:13:ce:8f:77:43,2.053525026457146e-08,
9.0,23.0,1.2,00:13:ce:97:78:79,3.898603702549072e-07,00:13:ce:95:e1:6f,2.1608040471942568e-07,00:13:ce:8f:78:d9,1.887669357243052e-05,00:13:ce:8f:77:43,1.1961283330787528e-08,00:13:ce:95:de:7e,1.9169407765334556e-07,
9.0,24.0,1.2,00:13:ce:95:e1:6f,1.573164702782772e-07,00:13:ce:95:de:7e,2.2683720409922388e-07,00:13:ce:8f:78:d9,4.977541909742488e-06,00:13:ce:97:78:79,1.1928772189089623e-07,00:13:ce:8f:77:43,9.089428660219808e-09,
7.5,25.0,1.2,00:13:ce:8f:77:43,1.194380920383102e-08,00:13:ce:97:78:79,7.624690546443758e-08,00:13:ce:8f:78:d9,2.2479451710744146e-05,00:13:ce:95:e1:6f,4.872536510706054e-07,00:13:ce:95:de:7e,2.005274878089316e-07,
7.5,26.0,1.2,00:13:ce:97:78:79,3.3496543915782795e-08,00:13:ce:95:de:7e,6.218001087320915e-08,00:13:ce:95:e1:6f,8.897650903054703e-07,00:13:ce:8f:78:d9,9.680894625777756e-05,00:13:ce:8f:77:43,1.1829679349389291e-08,
7.5,27.0,1.2,00:13:ce:8f:78:d9,0.00017269832906594343,00:13:ce:95:e1:6f,5.886579500390773e-07,00:13:ce:97:78:79,5.133536646772027e-08,00:13:ce:95:de:7e,9.513346898708745e-08,00:13:ce:8f:77:43,1.333521432163324e-08,
7.0,28.0,1.2,00:13:ce:8f:78:d9,0.00025015793642403465,00:13:ce:95:e1:6f,9.716279515771058e-07,00:13:ce:95:de:7e,5.571857489319293e-08,00:13:ce:97:78:79,2.4582440689201976e-08,00:13:ce:8f:77:43,4.9125201846734525e-09,
7.5,29.0,1.2,00:13:ce:95:e1:6f,6.43533898543218e-07,00:13:ce:8f:78:d9,8.759226434569205e-05,00:13:ce:97:78:79,2.4641473082812863e-08,00:13:ce:95:de:7e,4.056610078464476e-08,00:13:ce:8f:77:43,7.943282347242822e-09,
7.5,30.0,1.2,00:13:ce:97:78:79,2.5990510793931e-07,00:13:ce:8f:78:d9,9.345192145605374e-05,00:13:ce:95:e1:6f,5.011872336272725e-07,00:13:ce:95:de:7e,9.091189064728864e-09,00:13:ce:8f:77:43,9.85711900900617e-09,
7.0,14.0,1.2,00:13:ce:8f:78:d9,3.4699449164179166e-06,00:13:ce:97:78:79,4.466835921509635e-07,00:13:ce:95:e1:6f,8.751958772041733e-08,00:13:ce:95:de:7e,3.382445200296675e-07,00:13:ce:8f:77:43,1.238389162892673e-07,
7.0,7.0,1.2,00:13:ce:8f:78:d9,6.890254987297216e-07,00:13:ce:8f:77:43,2.0241840573760633e-06,00:13:ce:95:de:7e,5.77209317942474e-07,00:13:ce:97:78:79,8.473643243745369e-08,00:13:ce:95:e1:6f,2.3185549399896578e-08,
5.4,11.67,4.2,00:13:ce:95:de:7e,0.000686818690646469,00:13:ce:95:e1:6f,2.1556973421288518e-06,00:13:ce:8f:78:d9,8.640491783252423e-08,00:13:ce:97:78:79,1.4203028299557818e-08,00:13:ce:8f:77:43,1.2589254117941661e-08,
4.2,11.67,4.2,00:13:ce:95:de:7e,0.0005042948856637024,00:13:ce:95:e1:6f,3.770086818401953e-06,00:13:ce:8f:78:d9,8.564308594870234e-08,00:13:ce:97:78:79,2.7616998133438435e-08,00:13:ce:8f:77:43,8.912509381337441e-09,
3.0,11.67,4.2,00:13:ce:95:e1:6f,7.837193758552939e-06,00:13:ce:95:de:7e,0.00036464520208852693,00:13:ce:8f:78:d9,8.745628892581817e-08,00:13:ce:97:78:79,7.235348585637266e-08,00:13:ce:8f:77:43,2.5442252331526014e-08,
1.8,11.67,4.2,00:13:ce:95:e1:6f,5.928329456935207e-06,00:13:ce:95:de:7e,0.00012873643919858907,00:13:ce:97:78:79,5.843414133735187e-08,00:13:ce:8f:78:d9,8.423453758129302e-08,00:13:ce:8f:77:43,1.4160018794398508e-08,
5.4,12.67,4.2,00:13:ce:95:e1:6f,3.4425434676021196e-06,00:13:ce:95:de:7e,0.00030289699447774726,00:13:ce:8f:78:d9,6.65391001103448e-08,00:13:ce:97:78:79,1.850176305251283e-08,00:13:ce:8f:77:43,9.11274300942585e-09,
4.2,12.67,4.2,00:13:ce:95:e1:6f,4.509897450466355e-06,00:13:ce:95:de:7e,0.0003137095774574013,00:13:ce:8f:78:d9,8.607632584635088e-08,00:13:ce:97:78:79,4.3908964113826175e-08,00:13:ce:8f:77:43,1.2155773765175592e-08,
3.0,12.67,4.2,00:13:ce:95:e1:6f,8.652524887529834e-06,00:13:ce:95:de:7e,0.000356519536577555,00:13:ce:8f:78:d9,9.18361563227363e-08,00:13:ce:97:78:79,7.005748547909682e-08,00:13:ce:8f:77:43,2.448436746822224e-08,
1.8,12.67,4.2,00:13:ce:8f:78:d9,1.1251735441780641e-07,00:13:ce:95:e1:6f,1.0178699841461258e-05,00:13:ce:95:de:7e,8.120617245807941e-05,00:13:ce:8f:77:43,6.918309709189363e-09,00:13:ce:97:78:79,3.6703364977808e-08,
5.4,13.67,4.2,00:13:ce:97:78:79,3.708777411774473e-08,00:13:ce:95:e1:6f,7.364161218936958e-06,00:13:ce:95:de:7e,0.000373875728896543,00:13:ce:8f:77:43,1.3636216177106922e-07,00:13:ce:8f:78:d9,8.947962141223869e-08,
4.2,13.67,4.2,00:13:ce:95:e1:6f,2.990931396179265e-06,00:13:ce:95:de:7e,0.000451383265976898,00:13:ce:97:78:79,2.29086765276777e-08,00:13:ce:8f:77:43,5.1417518276839275e-08,00:13:ce:8f:78:d9,4.393970560760795e-08,
3.0,13.67,4.2,00:13:ce:95:e1:6f,7.64422274252601e-06,00:13:ce:8f:77:43,1.0533692715813484e-07,00:13:ce:95:de:7e,0.0001394583249195745,00:13:ce:8f:78:d9,7.498942093324559e-08,00:13:ce:97:78:79,2.8840315031265998e-08,
1.8,13.67,4.2,00:13:ce:95:e1:6f,5.03022372910014e-06,00:13:ce:95:de:7e,0.0001467799267622069,00:13:ce:8f:77:43,1.1620301363862633e-07,00:13:ce:8f:78:d9,1.2589254117941662e-07,
5.4,8.09,4.2,00:13:ce:95:e1:6f,1.94373190622024e-06,00:13:ce:95:de:7e,8.800868814220556e-05,00:13:ce:8f:78:d9,7.831521667751432e-08,00:13:ce:8f:77:43,2.031479761264969e-08,00:13:ce:97:78:79,8.687381404640228e-09,
4.2,8.09,4.2,00:13:ce:95:e1:6f,4.216965034285822e-06,00:13:ce:95:de:7e,0.00019818934025951228,00:13:ce:8f:78:d9,1.4677992676220706e-07,00:13:ce:8f:77:43,2.5514065200312926e-08,00:13:ce:97:78:79,1.122018454301963e-08,
3.0,8.09,4.2,00:13:ce:95:e1:6f,3.482506148751958e-06,00:13:ce:95:de:7e,0.00019671415716477313,00:13:ce:8f:78:d9,1.1905772393787822e-07,00:13:ce:8f:77:43,2.906252429820869e-08,00:13:ce:97:78:79,1.2589254117941661e-08,
1.8,8.09,4.2,00:13:ce:95:de:7e,0.00015873279616967546,00:13:ce:95:e1:6f,3.5510739155616617e-06,00:13:ce:97:78:79,2.7648187540101116e-08,00:13:ce:8f:78:d9,8.183949916731968e-08,00:13:ce:8f:77:43,4.5111338607098406e-08,
5.4,9.09,4.2,00:13:ce:95:e1:6f,2.794624933006503e-06,00:13:ce:95:de:7e,8.83167676001368e-05,00:13:ce:8f:78:d9,3.715352290971728e-08,00:13:ce:8f:77:43,1.4330125702369628e-08,00:13:ce:97:78:79,1.4677992676220705e-08,
4.2,9.09,4.2,00:13:ce:95:de:7e,0.00021614827455749785,00:13:ce:95:e1:6f,5.988319513236549e-06,00:13:ce:8f:77:43,3.1963267012699024e-08,00:13:ce:8f:78:d9,6.918309709189377e-08,00:13:ce:97:78:79,1.1764899870201853e-08,
3.0,9.09,4.2,00:13:ce:95:e1:6f,3.43096799348566e-06,00:13:ce:95:de:7e,0.00014609180345687674,00:13:ce:8f:78:d9,1e-07,00:13:ce:8f:77:43,4.495497679001813e-08,00:13:ce:97:78:79,1.3182567385564074e-08,
1.8,9.09,4.2,00:13:ce:95:e1:6f,2.503975856060069e-06,00:13:ce:95:de:7e,0.00011908637320879952,00:13:ce:8f:78:d9,8.74312458022075e-08,00:13:ce:8f:77:43,1.4251026703029963e-08,00:13:ce:97:78:79,1.0427538888537688e-08,
5.4,10.09,4.2,00:13:ce:95:e1:6f,3.828059887433118e-06,00:13:ce:95:de:7e,0.00011343046951455765,00:13:ce:8f:77:43,1.8434229924091106e-08,00:13:ce:8f:78:d9,5.854637363205773e-08,00:13:ce:97:78:79,7.305271542664449e-09,
4.2,10.09,4.2,00:13:ce:95:e1:6f,4.140349826022771e-06,00:13:ce:95:de:7e,0.00022864143099980366,00:13:ce:8f:78:d9,1.2302687708123836e-07,00:13:ce:8f:77:43,2.8967082878240308e-08,00:13:ce:97:78:79,6.8292812717330644e-09,
3.0,10.09,4.2,00:13:ce:95:e1:6f,3.56937841148763e-06,00:13:ce:95:de:7e,0.00018317117986511533,00:13:ce:97:78:79,1.5213257710618696e-08,00:13:ce:8f:77:43,1.6713866273203248e-08,00:13:ce:8f:78:d9,6.812920690579608e-08,
1.8,10.09,4.2,00:13:ce:95:e1:6f,3.2959879215101845e-06,00:13:ce:95:de:7e,0.00010046157902783956,00:13:ce:8f:77:43,1.5439611338451903e-08,00:13:ce:8f:78:d9,8.46157056131547e-08,00:13:ce:97:78:79,1.333521432163324e-08,
6.0,27.0,4.2,00:13:ce:95:e1:6f,8.274114356578983e-05,00:13:ce:95:de:7e,1.6997292451025974e-06,00:13:ce:8f:78:d9,9.945326551709604e-07,00:13:ce:97:78:79,6.025595860743569e-09,
6.0,28.0,4.2,00:13:ce:95:e1:6f,0.00010538645844820304,00:13:ce:8f:78:d9,6.671790862882144e-07,00:13:ce:95:de:7e,8.869258726307226e-07,
5.0,26.0,4.2,00:13:ce:95:e1:6f,0.00027724079967417757,00:13:ce:95:de:7e,1.8850578180516534e-06,00:13:ce:8f:78:d9,6.178870468273718e-07,00:13:ce:97:78:79,8.576958985908947e-09,
5.0,27.0,4.2,00:13:ce:8f:78:d9,7.312443104270817e-07,00:13:ce:95:e1:6f,0.00017808728434161612,00:13:ce:95:de:7e,2.4002869165793355e-06,
5.0,28.0,4.2,00:13:ce:95:de:7e,2.3529983445121255e-06,00:13:ce:8f:78:d9,1.2290890041214393e-06,00:13:ce:95:e1:6f,0.0002049690610706641,
4.0,26.0,4.2,00:13:ce:8f:78:d9,1.0132445716052217e-06,00:13:ce:95:e1:6f,0.00014042224027954538,00:13:ce:95:de:7e,3.124185713602668e-06,
4.0,27.0,4.2,00:13:ce:95:e1:6f,0.00011602643863414276,00:13:ce:8f:78:d9,1.393998463531975e-06,00:13:ce:95:de:7e,2.0701413487910415e-06,
4.0,28.0,4.2,00:13:ce:95:e1:6f,0.00010728908847552214,00:13:ce:8f:78:d9,1.3827406826663133e-06,00:13:ce:95:de:7e,1.757630321854801e-06,
3.0,26.0,4.2,00:13:ce:95:e1:6f,9.341627274742853e-05,00:13:ce:95:de:7e,1.932462660412092e-06,00:13:ce:8f:78:d9,6.812920690579622e-07,
3.0,27.0,4.2,00:13:ce:95:de:7e,2.0953182709100417e-06,00:13:ce:95:e1:6f,0.00012781415328947223,00:13:ce:8f:78:d9,1.3300886790625132e-06,
3.0,28.0,4.2,00:13:ce:95:de:7e,1.1488781572443413e-06,00:13:ce:95:e1:6f,0.0002726568659146015,00:13:ce:8f:78:d9,2.5028654311746077e-06,
2.0,26.0,4.2,00:13:ce:95:e1:6f,0.0001326376035716662,00:13:ce:95:de:7e,3.57458646380524e-06,00:13:ce:8f:78:d9,6.52447324492195e-07,
2.0,27.0,4.2,00:13:ce:95:de:7e,1.707632320733708e-06,00:13:ce:95:e1:6f,0.00013650078065460152,00:13:ce:8f:78:d9,8.746175383324876e-07,
2.0,28.0,4.2,00:13:ce:95:e1:6f,0.0001544365175554379,00:13:ce:8f:78:d9,9.353361976581179e-07,00:13:ce:95:de:7e,3.377313908791009e-06,
1.0,26.0,4.2,00:13:ce:95:de:7e,2.2922205951232743e-06,00:13:ce:8f:78:d9,1.046449584441057e-06,00:13:ce:95:e1:6f,0.00011372191278453977,
1.0,27.0,4.2,00:13:ce:8f:78:d9,5.682578639969625e-07,00:13:ce:95:e1:6f,0.00013755029890088585,00:13:ce:95:de:7e,1.8197008586099826e-06,
6.0,19.0,4.2,00:13:ce:95:de:7e,3.4487549566031806e-06,00:13:ce:95:e1:6f,2.7738113639670368e-05,00:13:ce:8f:78:d9,1.8983591433149967e-07,
6.0,20.0,4.2,00:13:ce:95:de:7e,5.871512637925164e-06,00:13:ce:95:e1:6f,2.1752040340195246e-05,00:13:ce:8f:78:d9,2.4427486833971414e-07,
6.0,21.0,4.2,00:13:ce:8f:78:d9,4.427451843494487e-07,00:13:ce:95:de:7e,2.1051724179178576e-06,00:13:ce:95:e1:6f,2.3676871891852396e-05,
6.0,22.0,4.2,00:13:ce:95:de:7e,6.1623106765027e-06,00:13:ce:8f:78:d9,2.117417273307277e-07,00:13:ce:95:e1:6f,4.445751723049964e-05,
6.0,23.0,4.2,00:13:ce:95:de:7e,5.5271340794443455e-06,00:13:ce:95:e1:6f,6.423802909915163e-05,00:13:ce:8f:78:d9,2.759410589013592e-07,
6.0,24.0,4.2,00:13:ce:95:de:7e,2.6005696700687105e-06,00:13:ce:95:e1:6f,2.4475546312791367e-05,00:13:ce:8f:78:d9,2.2264812781277288e-07,
6.0,25.0,4.2,00:13:ce:95:e1:6f,4.8933963039529694e-05,00:13:ce:95:de:7e,4.210409377941043e-06,00:13:ce:8f:78:d9,1.1961283330787528e-07,
5.0,19.0,4.2,00:13:ce:95:e1:6f,3.9810717055349695e-05,00:13:ce:95:de:7e,6.748865440599331e-06,00:13:ce:8f:78:d9,2.754228703338169e-07,
5.0,20.0,4.2,00:13:ce:8f:78:d9,1.2302687708123836e-07,00:13:ce:95:e1:6f,2.611568420766743e-05,00:13:ce:95:de:7e,3.8211297149093065e-06,
5.0,21.0,4.2,00:13:ce:8f:78:d9,2.5516328332503943e-07,00:13:ce:95:e1:6f,4.1304750199016105e-05,00:13:ce:95:de:7e,5.555675127637383e-06,00:13:ce:97:78:79,3.0967709969353484e-08,
5.0,22.0,4.2,00:13:ce:95:e1:6f,6.948513280252201e-05,00:13:ce:95:de:7e,3.570900735568625e-06,00:13:ce:8f:78:d9,2.744489278096427e-07,00:13:ce:97:78:79,1.3593563908785241e-08,
5.0,23.0,4.2,00:13:ce:95:e1:6f,4.6182100730616454e-05,00:13:ce:8f:78:d9,2.768902684195707e-07,00:13:ce:95:de:7e,6.173629188200627e-06,
5.0,24.0,4.2,00:13:ce:95:de:7e,5.531681197617227e-06,00:13:ce:95:e1:6f,0.00012092051829432097,00:13:ce:8f:78:d9,4.4139517981330934e-07,
5.0,25.0,4.2,00:13:ce:95:de:7e,4.094135029922708e-06,00:13:ce:95:e1:6f,6.614740641230145e-05,00:13:ce:8f:78:d9,3.302690859755045e-07,
4.0,19.0,4.2,00:13:ce:95:e1:6f,3.821892620633123e-05,00:13:ce:95:de:7e,6.458424430196978e-06,00:13:ce:8f:78:d9,2.5005711467120364e-07,
4.0,20.0,4.2,00:13:ce:95:e1:6f,4.327628776844826e-05,00:13:ce:95:de:7e,5.448161839981668e-06,00:13:ce:8f:78:d9,1.7502635490532272e-07,00:13:ce:97:78:79,1.5848931924611143e-08,
4.0,21.0,4.2,00:13:ce:95:e1:6f,2.4184900434089264e-05,00:13:ce:95:de:7e,3.3447138948395538e-06,00:13:ce:8f:78:d9,3.0823992397451437e-07,
4.0,22.0,4.2,00:13:ce:8f:78:d9,5.189810676624147e-07,00:13:ce:95:e1:6f,7.604682401337371e-05,00:13:ce:95:de:7e,9.663515222956904e-06,
4.0,23.0,4.2,00:13:ce:8f:78:d9,3.326595532940047e-07,00:13:ce:95:e1:6f,7.443803013251681e-05,00:13:ce:95:de:7e,3.933116786018689e-06,
4.0,24.0,4.2,00:13:ce:8f:78:d9,4.1747927503899144e-07,00:13:ce:95:e1:6f,6.779049906922799e-05,00:13:ce:95:de:7e,2.7342744561652382e-06,
4.0,25.0,4.2,00:13:ce:8f:78:d9,4.3733710577327465e-07,00:13:ce:95:e1:6f,0.0001341219935405371,00:13:ce:95:de:7e,3.257020655659783e-06,
3.0,19.0,4.2,00:13:ce:95:e1:6f,4.3570163452929534e-05,00:13:ce:95:de:7e,5.965895964106784e-06,00:13:ce:8f:78:d9,1.3787124082630092e-07,00:13:ce:97:78:79,2.511886431509582e-08,
3.0,25.0,4.2,00:13:ce:95:e1:6f,4.5708818961487516e-05,00:13:ce:8f:78:d9,4.861748096453885e-07,00:13:ce:95:de:7e,6.30957344480193e-06,
2.0,19.0,4.2,00:13:ce:95:de:7e,2.1565832798351606e-05,00:13:ce:8f:78:d9,2.3166736812810896e-07,00:13:ce:95:e1:6f,4.37098896574342e-05,
2.0,20.0,4.2,00:13:ce:95:e1:6f,2.9050786505108584e-05,00:13:ce:95:de:7e,7.153942654376493e-06,00:13:ce:8f:78:d9,5.589441576403378e-07,00:13:ce:97:78:79,2.818382931264455e-08,
2.0,21.0,4.2,00:13:ce:95:de:7e,6.847409732645499e-06,00:13:ce:95:e1:6f,2.8714952889842698e-05,00:13:ce:8f:78:d9,1.5380006596653898e-07,00:13:ce:97:78:79,2.511886431509582e-08,
2.0,22.0,4.2,00:13:ce:95:e1:6f,4.641588833612772e-05,00:13:ce:8f:78:d9,2.7384196342643614e-07,00:13:ce:95:de:7e,4.994677627242477e-06,
2.0,23.0,4.2,00:13:ce:95:de:7e,3.2974773277759675e-06,00:13:ce:95:e1:6f,2.916519368199503e-05,00:13:ce:8f:78:d9,1.3762891224235504e-07,
2.0,24.0,4.2,00:13:ce:8f:78:d9,5.605942625831899e-07,00:13:ce:95:e1:6f,2.533669713100027e-05,00:13:ce:95:de:7e,3.812852456636187e-06,
2.0,25.0,4.2,00:13:ce:95:e1:6f,2.6839049004218874e-05,00:13:ce:95:de:7e,3.1950496544350707e-06,00:13:ce:8f:78:d9,4.3895928766569486e-07,
1.0,19.0,4.2,00:13:ce:95:de:7e,1.7252105499420428e-05,00:13:ce:95:e1:6f,1.2287787272810431e-05,00:13:ce:8f:78:d9,1.6237767391887244e-07,00:13:ce:97:78:79,1.5848931924611143e-08,
1.0,20.0,4.2,00:13:ce:95:e1:6f,2.3768402866248736e-05,00:13:ce:95:de:7e,1.2283816872184265e-05,00:13:ce:8f:78:d9,1.785878265500127e-07,00:13:ce:97:78:79,2.511886431509582e-08,
1.0,21.0,4.2,00:13:ce:8f:78:d9,4.099465848021996e-07,00:13:ce:95:e1:6f,2.8787935854338242e-05,00:13:ce:95:de:7e,4.9066996389388265e-06,
1.0,22.0,4.2,00:13:ce:95:de:7e,3.3788360819800053e-06,00:13:ce:8f:78:d9,2.215412212581185e-07,00:13:ce:95:e1:6f,2.342808775509827e-05,
1.0,23.0,4.2,00:13:ce:95:e1:6f,3.8975300625205426e-05,00:13:ce:95:de:7e,7.465809825645279e-06,00:13:ce:8f:78:d9,2.0484651104480657e-07,
1.0,24.0,4.2,00:13:ce:95:e1:6f,3.038551955629656e-05,00:13:ce:95:de:7e,4.092044034479024e-06,00:13:ce:8f:78:d9,2.4406190680419813e-07,
1.0,25.0,4.2,00:13:ce:95:e1:6f,3.001465344919273e-05,00:13:ce:95:de:7e,5.843414133735175e-06,00:13:ce:8f:78:d9,3.7583740428844433e-07,
5.4,15.3,4.2,00:13:ce:95:e1:6f,8.989413199440915e-06,00:13:ce:95:de:7e,5.823063353505649e-05,
4.2,15.3,4.2,00:13:ce:95:de:7e,2.8767631672946142e-05,00:13:ce:95:e1:6f,2.116779766839636e-05,00:13:ce:8f:78:d9,2.3713737056616554e-07,
3.0,15.3,4.2,00:13:ce:95:e1:6f,1.2298582887948637e-05,00:13:ce:8f:78:d9,1.4642829314104824e-07,00:13:ce:95:de:7e,5.63253923173352e-05,
1.8,15.3,4.2,00:13:ce:95:de:7e,3.4887244319626284e-05,00:13:ce:95:e1:6f,8.018803828262767e-06,00:13:ce:8f:78:d9,5.5568360851043166e-08,
5.4,16.3,4.2,00:13:ce:95:e1:6f,2.0828915910488404e-05,00:13:ce:95:de:7e,2.4017039952322626e-05,00:13:ce:8f:78:d9,5.011872336272725e-07,
4.2,16.3,4.2,00:13:ce:95:de:7e,6.645615513405545e-05,00:13:ce:95:e1:6f,2.672179769012376e-05,00:13:ce:8f:78:d9,1.3688745095370792e-07,
3.0,16.3,4.2,00:13:ce:95:de:7e,6.791167534986194e-05,00:13:ce:95:e1:6f,1.1980130213024732e-05,00:13:ce:8f:78:d9,1.389495494373139e-07,
1.8,16.3,4.2,00:13:ce:95:de:7e,2.633833003256078e-05,00:13:ce:95:e1:6f,1.194738137908297e-05,00:13:ce:8f:78:d9,9.261187281287937e-08,
5.4,17.3,4.2,00:13:ce:95:e1:6f,2.2141420475340608e-05,00:13:ce:95:de:7e,3.637565404530403e-05,00:13:ce:8f:78:d9,9.872893322408616e-08,
4.2,17.3,4.2,00:13:ce:95:de:7e,6.582957520671536e-05,00:13:ce:95:e1:6f,1.4791083881682072e-05,00:13:ce:8f:78:d9,1.5709191942587232e-07,
3.0,17.3,4.2,00:13:ce:95:e1:6f,8.709635899560797e-06,00:13:ce:95:de:7e,7.346858829416932e-05,00:13:ce:8f:78:d9,1.122018454301963e-07,
1.8,17.3,4.2,00:13:ce:95:de:7e,4.2067205396020405e-05,00:13:ce:95:e1:6f,2.2984156569164387e-05,00:13:ce:8f:78:d9,1.659586907437563e-07,
5.4,4.48,4.2,00:13:ce:95:e1:6f,1.176041196368326e-06,00:13:ce:8f:77:43,2.6101572156825384e-08,00:13:ce:95:de:7e,2.662824019407786e-05,00:13:ce:8f:78:d9,1.0330053341551812e-07,00:13:ce:97:78:79,8.767123872968687e-09,
4.2,4.48,4.2,00:13:ce:95:e1:6f,1.152568289391414e-06,00:13:ce:95:de:7e,1.9012194914420663e-05,00:13:ce:8f:78:d9,2.0905144054312355e-07,00:13:ce:8f:77:43,3.2529748212169716e-08,00:13:ce:97:78:79,6.918309709189363e-09,
3.0,4.48,4.2,00:13:ce:95:de:7e,3.420013164567504e-05,00:13:ce:95:e1:6f,1.0886623505634267e-06,00:13:ce:8f:78:d9,1.509897160618417e-07,00:13:ce:8f:77:43,1.3436986684370702e-08,00:13:ce:97:78:79,1.103715503202757e-08,
1.8,4.48,4.2,00:13:ce:95:e1:6f,1.2654319806327348e-06,00:13:ce:95:de:7e,3.528193922633105e-05,00:13:ce:8f:77:43,2.7384196342643613e-08,00:13:ce:8f:78:d9,1.3550160657198075e-07,00:13:ce:97:78:79,6.309573444801943e-09,
5.4,5.48,4.2,00:13:ce:95:de:7e,1.7460994096970264e-05,00:13:ce:95:e1:6f,9.6923384594717e-07,00:13:ce:8f:78:d9,1.1026158786725681e-07,00:13:ce:8f:77:43,2.2164205793741974e-08,00:13:ce:97:78:79,9.027251779484579e-09,
4.2,5.48,4.2,00:13:ce:95:e1:6f,8.134248957358607e-07,00:13:ce:95:de:7e,3.3982083289425596e-05,00:13:ce:8f:77:43,2.778113596642533e-08,00:13:ce:8f:78:d9,1.0416982521932018e-07,00:13:ce:97:78:79,8.157150244438597e-09,
3.0,5.48,4.2,00:13:ce:95:de:7e,4.291794203686023e-05,00:13:ce:95:e1:6f,1.5217837461310003e-06,00:13:ce:8f:78:d9,2.288839736368676e-07,00:13:ce:8f:77:43,4.45916693790259e-08,00:13:ce:97:78:79,7.1968567300115284e-09,
1.8,5.48,4.2,00:13:ce:95:de:7e,3.248208029736832e-05,00:13:ce:95:e1:6f,1.2010952923968496e-06,00:13:ce:8f:78:d9,1.5244629823792873e-07,00:13:ce:8f:77:43,2.5224245337379304e-08,00:13:ce:97:78:79,6.5564184941797855e-09,
5.4,6.48,4.2,00:13:ce:95:e1:6f,1.4187582402121864e-06,00:13:ce:95:de:7e,2.547066409575195e-05,00:13:ce:8f:78:d9,4.618661445783385e-08,00:13:ce:8f:77:43,4.0926065973001096e-08,00:13:ce:97:78:79,1.1481536214968817e-08,
4.2,6.48,4.2,00:13:ce:95:e1:6f,5.355499708401133e-07,00:13:ce:95:de:7e,2.2855609419211594e-05,00:13:ce:8f:78:d9,5.2800922396769243e-08,00:13:ce:8f:77:43,3.419232016554949e-08,00:13:ce:97:78:79,1.3776231582304646e-08,
3.0,6.48,4.2,00:13:ce:95:e1:6f,1.3370690811758267e-06,00:13:ce:95:de:7e,7.703120057972147e-05,00:13:ce:8f:77:43,8.568934620839311e-08,00:13:ce:8f:78:d9,9.687392507403276e-08,00:13:ce:97:78:79,1.1822988651687086e-08,
1.8,6.48,4.2,00:13:ce:95:de:7e,5.7526562171568145e-05,00:13:ce:95:e1:6f,1.5792887382103063e-06,00:13:ce:8f:77:43,8.735139424000997e-08,00:13:ce:8f:78:d9,1.3172619015654527e-07,00:13:ce:97:78:79,9.601806313319381e-09,
7.0,1.0,4.2,00:13:ce:95:de:7e,1.077105056036769e-06,00:13:ce:95:e1:6f,2.29086765276777e-07,00:13:ce:8f:77:43,2.534230735791306e-07,
7.0,2.0,4.2,00:13:ce:95:e1:6f,3.080607466137929e-07,00:13:ce:95:de:7e,1.0773403878177441e-06,00:13:ce:8f:77:43,2.0054979492418322e-07,
7.0,3.0,4.2,00:13:ce:95:de:7e,9.239000699704306e-07,00:13:ce:95:e1:6f,1.8283905396285781e-07,00:13:ce:8f:77:43,1.9134546859970385e-07,00:13:ce:8f:78:d9,2.8651202696637818e-08,
7.5,4.0,4.2,00:13:ce:95:de:7e,1.7985792448790312e-06,00:13:ce:8f:77:43,3.225309743562493e-07,00:13:ce:95:e1:6f,2.634448148570019e-07,
7.5,5.0,4.2,00:13:ce:95:de:7e,2.9286445646252375e-06,00:13:ce:8f:77:43,4.575779794950501e-07,00:13:ce:95:e1:6f,3.7439783898238104e-07,00:13:ce:8f:78:d9,5.011872336272725e-08,
7.5,6.0,4.2,00:13:ce:95:e1:6f,4.066860346554617e-07,00:13:ce:95:de:7e,4.964670281000572e-06,00:13:ce:8f:77:43,9.510028494151646e-07,00:13:ce:8f:78:d9,7.356422544596421e-08,
7.5,7.0,4.2,00:13:ce:95:de:7e,3.7422631950005177e-06,00:13:ce:8f:77:43,7.108626795772006e-07,00:13:ce:95:e1:6f,3.540133239736577e-07,00:13:ce:8f:78:d9,5.5519359143862095e-08,
7.5,8.0,4.2,00:13:ce:8f:77:43,5.322148111984457e-07,00:13:ce:8f:78:d9,1e-07,00:13:ce:95:de:7e,8.84860889738666e-06,00:13:ce:95:e1:6f,6.120578224367723e-07,00:13:ce:97:78:79,2.3988329190194897e-08,
7.5,9.0,4.2,00:13:ce:95:e1:6f,7.838460410979078e-07,00:13:ce:8f:77:43,4.0762086875748845e-07,00:13:ce:95:de:7e,1.1728183955791518e-05,00:13:ce:97:78:79,1.5848931924611143e-08,00:13:ce:8f:78:d9,3.981071705534969e-08,
7.5,10.0,4.2,00:13:ce:95:de:7e,3.3788360819800053e-06,00:13:ce:8f:77:43,1.4677992676220706e-07,00:13:ce:95:e1:6f,8.644396799550286e-07,00:13:ce:8f:78:d9,6.050875007272935e-08,
7.5,11.0,4.2,00:13:ce:97:78:79,7.145852607229255e-08,00:13:ce:95:e1:6f,7.504550342742923e-07,00:13:ce:95:de:7e,5.026882121429444e-06,00:13:ce:8f:78:d9,4.4668359215096346e-08,00:13:ce:8f:77:43,2.146931469159245e-07,
8.0,12.0,4.2,00:13:ce:95:e1:6f,1.1142167860623037e-06,00:13:ce:95:de:7e,3.932481305005624e-06,00:13:ce:8f:77:43,6.30957344480193e-08,00:13:ce:97:78:79,2.0469682718075241e-07,
8.0,13.0,4.2,00:13:ce:97:78:79,4.6131757456037904e-08,00:13:ce:95:de:7e,3.881870971495886e-06,00:13:ce:95:e1:6f,1.29440137473789e-06,00:13:ce:8f:78:d9,3.924189758484536e-08,00:13:ce:8f:77:43,8.045546617235158e-08,
8.0,14.0,4.2,00:13:ce:8f:78:d9,4.105190671273087e-08,00:13:ce:95:e1:6f,1.15953994510744e-06,00:13:ce:95:de:7e,6.033884808817049e-06,00:13:ce:8f:77:43,4.3895928766569484e-08,00:13:ce:97:78:79,4.957218881853265e-08,
8.0,15.0,4.2,00:13:ce:97:78:79,6.606934480075964e-08,00:13:ce:95:de:7e,5.6404764391748736e-06,00:13:ce:95:e1:6f,1.1085029216384786e-06,00:13:ce:8f:78:d9,1.0797751623277093e-07,00:13:ce:8f:77:43,8.767123872968686e-08,
8.0,16.0,4.2,00:13:ce:95:e1:6f,2.203208282502597e-06,00:13:ce:95:de:7e,4.183487363788287e-06,00:13:ce:8f:77:43,6.709137099554106e-08,00:13:ce:8f:78:d9,1.8587918911465636e-07,00:13:ce:97:78:79,3.782489906389382e-08,
9.0,12.0,4.2,00:13:ce:97:78:79,3.040736052803583e-08,00:13:ce:95:de:7e,3.3113112148259145e-06,00:13:ce:95:e1:6f,1.1829679349389291e-06,00:13:ce:8f:78:d9,8.637014254641422e-08,00:13:ce:8f:77:43,3.686945064519581e-08,
9.0,13.0,4.2,00:13:ce:95:e1:6f,1.3190773718012391e-06,00:13:ce:95:de:7e,2.6383556216716174e-06,00:13:ce:8f:77:43,5.57383163527016e-08,00:13:ce:97:78:79,8.345042857663645e-08,00:13:ce:8f:78:d9,7.813707376518101e-08,
9.0,14.0,4.2,00:13:ce:95:de:7e,2.7285850795933713e-06,00:13:ce:95:e1:6f,2.1051724179178576e-06,00:13:ce:8f:77:43,3.371147677550955e-08,00:13:ce:97:78:79,1.0188449756527534e-07,00:13:ce:8f:78:d9,1.6218100973589266e-07,
9.0,15.0,4.2,00:13:ce:97:78:79,1.1453245540078341e-07,00:13:ce:95:de:7e,2.7351824511058046e-06,00:13:ce:95:e1:6f,1.2589254117941661e-06,00:13:ce:8f:77:43,3.63078054770101e-08,00:13:ce:8f:78:d9,9.332543007969924e-08,
9.0,16.0,4.2,00:13:ce:95:e1:6f,1.7669417079993972e-06,00:13:ce:95:de:7e,5.468117495408076e-06,00:13:ce:8f:77:43,2.2139167717448587e-08,00:13:ce:97:78:79,3.3222214002121414e-08,00:13:ce:8f:78:d9,6.918309709189377e-08,
7.5,17.0,4.2,00:13:ce:95:de:7e,5.468117495408076e-06,00:13:ce:95:e1:6f,2.2387211385683376e-06,00:13:ce:8f:78:d9,6.30957344480193e-08,00:13:ce:8f:77:43,3.831186849557285e-08,00:13:ce:97:78:79,2.3263050671536288e-08,
7.5,18.0,4.2,00:13:ce:95:de:7e,2.159863123140578e-06,00:13:ce:95:e1:6f,3.2170861172938463e-06,00:13:ce:97:78:79,1.5848931924611143e-08,00:13:ce:8f:78:d9,4.692762459348831e-08,00:13:ce:8f:77:43,2.818382931264455e-08,
7.5,19.0,4.2,00:13:ce:95:de:7e,1.6334835079813731e-06,00:13:ce:95:e1:6f,4.234339874717318e-06,00:13:ce:97:78:79,4.365158322401665e-08,00:13:ce:8f:78:d9,8.066156921766127e-08,00:13:ce:8f:77:43,7.686246100397746e-08,
7.5,20.0,4.2,00:13:ce:97:78:79,4.597269885308718e-08,00:13:ce:8f:78:d9,1.9712279215176961e-07,00:13:ce:95:e1:6f,7.158046586153968e-06,00:13:ce:95:de:7e,2.4396298789291728e-06,00:13:ce:8f:77:43,7.585775750291836e-08,
7.5,21.0,4.2,00:13:ce:97:78:79,5.011872336272725e-08,00:13:ce:95:e1:6f,7.590373694293275e-06,00:13:ce:95:de:7e,6.156492196554048e-07,00:13:ce:8f:78:d9,7.498942093324559e-08,
7.5,22.0,4.2,00:13:ce:95:de:7e,7.10419954455419e-07,00:13:ce:95:e1:6f,3.2281612784634886e-06,00:13:ce:97:78:79,6.30957344480193e-08,00:13:ce:8f:78:d9,8.435036311953937e-08,00:13:ce:8f:77:43,1.659586907437563e-08,
8.0,23.0,4.2,00:13:ce:97:78:79,5.7691404381022134e-08,00:13:ce:95:de:7e,8.322815556756237e-07,00:13:ce:95:e1:6f,8.439481965654007e-06,00:13:ce:8f:78:d9,4.7787063582083205e-08,
8.0,24.0,4.2,00:13:ce:97:78:79,3.560922321402942e-07,00:13:ce:95:e1:6f,1.4937768144549388e-05,00:13:ce:95:de:7e,2.045553350050195e-06,00:13:ce:8f:78:d9,7.644222742525994e-08,00:13:ce:8f:77:43,2.7070732039213578e-08,
9.0,23.0,4.2,00:13:ce:8f:78:d9,8.887517887122887e-08,00:13:ce:95:e1:6f,1.4985653124037576e-05,00:13:ce:97:78:79,1.950477052040764e-07,00:13:ce:95:de:7e,1.1360708207414872e-06,00:13:ce:8f:77:43,1.6622244079925e-08,
9.0,24.0,4.2,00:13:ce:95:e1:6f,8.558435188810464e-06,00:13:ce:8f:78:d9,7.06136871124813e-08,00:13:ce:95:de:7e,1.4661434705398725e-06,00:13:ce:97:78:79,3.3079978406771905e-07,00:13:ce:8f:77:43,1.480370323566667e-08,
7.5,25.0,4.2,00:13:ce:97:78:79,8.231764886870327e-08,00:13:ce:95:e1:6f,2.6160561352140143e-05,00:13:ce:8f:78:d9,2.386589786858578e-07,00:13:ce:95:de:7e,1.387565589416053e-06,
7.5,26.0,4.2,00:13:ce:97:78:79,8.440902598759641e-08,00:13:ce:8f:78:d9,2.0701413487910414e-07,00:13:ce:95:e1:6f,6.597858314626101e-05,00:13:ce:95:de:7e,8.507211578261246e-07,
7.5,27.0,4.2,00:13:ce:97:78:79,8.483428982440726e-08,00:13:ce:8f:78:d9,2.3040929760558446e-07,00:13:ce:95:e1:6f,8.196649484556481e-05,00:13:ce:95:de:7e,4.305687965650378e-07,
7.5,28.0,4.2,00:13:ce:8f:78:d9,2.2439873697106487e-07,00:13:ce:95:e1:6f,3.8286956729063715e-05,00:13:ce:95:de:7e,9.681996298719496e-07,00:13:ce:97:78:79,1.9773267030055107e-07,
7.5,29.0,4.2,00:13:ce:97:78:79,1.7035044938756014e-07,00:13:ce:95:de:7e,7.682582742683391e-07,00:13:ce:95:e1:6f,6.094407739590531e-05,00:13:ce:8f:78:d9,1.5785037357026224e-07,
